nro	fecha	tipo_operacion	sentido	referencia	origen_documento	cantidad_movimiento	delta_existencias	saldo_existencias_corrido	ubicacion_origen	ubicacion_destino	codigo_picking	motivo
0	2026-04-01	SALDO_INICIAL	—	Saldo al inicio del período (movimientos anteriores)		0	0	0	CEN/Existencias			Stock en CEN/Existencias al 2026-04-01 según historial Odoo (suma de movimientos previos).
1	2026-04-02 21:38:24	PICK_EXPEDICION	SALIDA	CEN/PICK/00247	S01489 - OMAR3-MSSQL-OP-135185	6	-6	-6	CEN/Existencias	CEN/Salida	internal	Picking de preparación: sale de Existencias hacia zona de Salida (CEN/PICK/00247). Origen: S01489 - OMAR3-MSSQL-OP-135185.
2	2026-04-02 21:38:24	PICK_EXPEDICION	SALIDA	CEN/PICK/00248	S01482 - OMAR3-MSSQL-OP-135178	6	-6	-12	CEN/Existencias	CEN/Salida	internal	Picking de preparación: sale de Existencias hacia zona de Salida (CEN/PICK/00248). Origen: S01482 - OMAR3-MSSQL-OP-135178.
3	2026-04-02 21:38:24	PICK_EXPEDICION	SALIDA	CEN/PICK/00281	S01481 - OMAR3-MSSQL-OP-135177	12	-12	-24	CEN/Existencias	CEN/Salida	internal	Picking de preparación: sale de Existencias hacia zona de Salida (CEN/PICK/00281). Origen: S01481 - OMAR3-MSSQL-OP-135177.
4	2026-04-02 21:38:24	PICK_EXPEDICION	SALIDA	CEN/PICK/00258	S01464 - MSSQL-OP-135080	12	-12	-36	CEN/Existencias	CEN/Salida	internal	Picking de preparación: sale de Existencias hacia zona de Salida (CEN/PICK/00258). Origen: S01464 - MSSQL-OP-135080.
5	2026-04-04 15:54:29	PICK_EXPEDICION	SALIDA	CEN/PICK/00440	S01558 - VENTAS-ABRIL-PEDIDOS-EMANUEL-PERITO-2-CLI-2602	12	-12	-48	CEN/Existencias	CEN/Salida	internal	Picking de preparación: sale de Existencias hacia zona de Salida (CEN/PICK/00440). Origen: S01558 - VENTAS-ABRIL-PEDIDOS-EMANUEL-PERITO-2-CLI-2602.
6	2026-04-04 15:54:29	PICK_EXPEDICION	SALIDA	CEN/PICK/00441	S01560 - VENTAS-ABRIL-PEDIDOS-EMANUEL-PERITO-2-CLI-594	12	-12	-60	CEN/Existencias	CEN/Salida	internal	Picking de preparación: sale de Existencias hacia zona de Salida (CEN/PICK/00441). Origen: S01560 - VENTAS-ABRIL-PEDIDOS-EMANUEL-PERITO-2-CLI-594.
7	2026-04-04 15:54:41	PICK_EXPEDICION	SALIDA	CEN/PICK/00429	S01544 - VENTAS-ABRIL-PEDIDOS-EMANUEL-PERITO-2-CLI-1643	12	-12	-72	CEN/Existencias	CEN/Salida	internal	Picking de preparación: sale de Existencias hacia zona de Salida (CEN/PICK/00429). Origen: S01544 - VENTAS-ABRIL-PEDIDOS-EMANUEL-PERITO-2-CLI-1643.
8	2026-04-06 16:38:59	TRASLADO_SUCURSAL	SALIDA	CEN/INT/00010		48	-48	-120	CEN/Existencias	B3/Existencias	internal	Traslado interno Central → sucursal (CEN/INT/00010). Destino: B3/Existencias.
9	2026-04-07 13:48:01	PICK_EXPEDICION	SALIDA	CEN/PICK/00562	S01776	6	-6	-126	CEN/Existencias	CEN/Salida	internal	Picking de preparación: sale de Existencias hacia zona de Salida (CEN/PICK/00562). Origen: S01776.
10	2026-04-07 13:48:06	PICK_EXPEDICION	SALIDA	CEN/PICK/00560	S01754	6	-6	-132	CEN/Existencias	CEN/Salida	internal	Picking de preparación: sale de Existencias hacia zona de Salida (CEN/PICK/00560). Origen: S01754.
11	2026-04-08 12:53:12	TRASLADO_SUCURSAL	SALIDA	CEN/INT/00024		120	-120	-252	CEN/Existencias	B2/Existencias	internal	Traslado interno Central → sucursal (CEN/INT/00024). Destino: B2/Existencias.
12	2026-04-08 13:10:20	PICK_EXPEDICION	SALIDA	CEN/PICK/00660	S01827	12	-12	-264	CEN/Existencias	CEN/Salida	internal	Picking de preparación: sale de Existencias hacia zona de Salida (CEN/PICK/00660). Origen: S01827.
13	2026-04-08 18:32:13	PICK_EXPEDICION	SALIDA	CEN/PICK/00689	S01851	12	-12	-276	CEN/Existencias	CEN/Salida	internal	Picking de preparación: sale de Existencias hacia zona de Salida (CEN/PICK/00689). Origen: S01851.
14	2026-04-08 18:32:23	PICK_EXPEDICION	SALIDA	CEN/PICK/00687	S01813	24	-24	-300	CEN/Existencias	CEN/Salida	internal	Picking de preparación: sale de Existencias hacia zona de Salida (CEN/PICK/00687). Origen: S01813.
15	2026-04-10 13:11:44	PICK_EXPEDICION	SALIDA	CEN/PICK/00912	S02052	12	-12	-312	CEN/Existencias	CEN/Salida	internal	Picking de preparación: sale de Existencias hacia zona de Salida (CEN/PICK/00912). Origen: S02052.
16	2026-04-10 13:11:51	PICK_EXPEDICION	SALIDA	CEN/PICK/00911	S02166	1	-1	-313	CEN/Existencias	CEN/Salida	internal	Picking de preparación: sale de Existencias hacia zona de Salida (CEN/PICK/00911). Origen: S02166.
17	2026-04-10 16:16:22	PICK_EXPEDICION	SALIDA	CEN/PICK/00741	S01775	1	-1	-314	CEN/Existencias	CEN/Salida	internal	Picking de preparación: sale de Existencias hacia zona de Salida (CEN/PICK/00741). Origen: S01775.
18	2026-04-10 19:01:00	PICK_EXPEDICION	SALIDA	CEN/PICK/00948	S01950	12	-12	-326	CEN/Existencias	CEN/Salida	internal	Picking de preparación: sale de Existencias hacia zona de Salida (CEN/PICK/00948). Origen: S01950.
19	2026-04-10 19:01:00	PICK_EXPEDICION	SALIDA	CEN/PICK/00950	S01981	12	-12	-338	CEN/Existencias	CEN/Salida	internal	Picking de preparación: sale de Existencias hacia zona de Salida (CEN/PICK/00950). Origen: S01981.
20	2026-04-10 21:23:24	PICK_EXPEDICION	SALIDA	CEN/PICK/01003	S01971	6	-6	-344	CEN/Existencias	CEN/Salida	internal	Picking de preparación: sale de Existencias hacia zona de Salida (CEN/PICK/01003). Origen: S01971.
21	2026-04-13 17:42:26	TRASLADO_SUCURSAL	SALIDA	CEN/INT/00066		45	-45	-389	CEN/Existencias	B1/Existencias	internal	Traslado interno Central → sucursal (CEN/INT/00066). Destino: B1/Existencias.
22	2026-04-14 13:51:14	PICK_EXPEDICION	SALIDA	CEN/PICK/01085	S02288	6	-6	-395	CEN/Existencias	CEN/Salida	internal	Picking de preparación: sale de Existencias hacia zona de Salida (CEN/PICK/01085). Origen: S02288.
23	2026-04-14 13:51:14	PICK_EXPEDICION	SALIDA	CEN/PICK/01117	S02346	12	-12	-407	CEN/Existencias	CEN/Salida	internal	Picking de preparación: sale de Existencias hacia zona de Salida (CEN/PICK/01117). Origen: S02346.
24	2026-04-14 13:51:14	PICK_EXPEDICION	SALIDA	CEN/PICK/01115	S02338	6	-6	-413	CEN/Existencias	CEN/Salida	internal	Picking de preparación: sale de Existencias hacia zona de Salida (CEN/PICK/01115). Origen: S02338.
25	2026-04-14 13:51:14	PICK_EXPEDICION	SALIDA	CEN/PICK/01091	S02311	6	-6	-419	CEN/Existencias	CEN/Salida	internal	Picking de preparación: sale de Existencias hacia zona de Salida (CEN/PICK/01091). Origen: S02311.
26	2026-04-14 17:36:23	TRASLADO_SUCURSAL	SALIDA	CEN/INT/00063		18	-18	-437	CEN/Existencias	B4/Existencias	internal	Traslado interno Central → sucursal (CEN/INT/00063). Destino: B4/Existencias.
27	2026-04-15 12:50:36	PICK_EXPEDICION	SALIDA	CEN/PICK/01280	S02457	12	-12	-449	CEN/Existencias	CEN/Salida	internal	Picking de preparación: sale de Existencias hacia zona de Salida (CEN/PICK/01280). Origen: S02457.
28	2026-04-15 12:50:42	PICK_EXPEDICION	SALIDA	CEN/PICK/01259	S02428	12	-12	-461	CEN/Existencias	CEN/Salida	internal	Picking de preparación: sale de Existencias hacia zona de Salida (CEN/PICK/01259). Origen: S02428.
29	2026-04-15 21:30:10	PICK_EXPEDICION	SALIDA	CEN/PICK/01247	S02410	12	-12	-473	CEN/Existencias	CEN/Salida	internal	Picking de preparación: sale de Existencias hacia zona de Salida (CEN/PICK/01247). Origen: S02410.
30	2026-04-15 21:30:22	PICK_EXPEDICION	SALIDA	CEN/PICK/01225	S02396	12	-12	-485	CEN/Existencias	CEN/Salida	internal	Picking de preparación: sale de Existencias hacia zona de Salida (CEN/PICK/01225). Origen: S02396.
31	2026-04-16 12:27:01	PICK_EXPEDICION	SALIDA	CEN/PICK/01475	S02542	3	-3	-488	CEN/Existencias	CEN/Salida	internal	Picking de preparación: sale de Existencias hacia zona de Salida (CEN/PICK/01475). Origen: S02542.
32	2026-04-16 12:27:01	PICK_EXPEDICION	SALIDA	CEN/PICK/01471	S02536	12	-12	-500	CEN/Existencias	CEN/Salida	internal	Picking de preparación: sale de Existencias hacia zona de Salida (CEN/PICK/01471). Origen: S02536.
33	2026-04-16 22:26:22	PICK_EXPEDICION	SALIDA	CEN/PICK/01398	S02492	12	-12	-512	CEN/Existencias	CEN/Salida	internal	Picking de preparación: sale de Existencias hacia zona de Salida (CEN/PICK/01398). Origen: S02492.
34	2026-04-16 22:26:22	PICK_EXPEDICION	SALIDA	CEN/PICK/01383	S02490	1	-1	-513	CEN/Existencias	CEN/Salida	internal	Picking de preparación: sale de Existencias hacia zona de Salida (CEN/PICK/01383). Origen: S02490.
35	2026-04-17 13:11:30	PICK_EXPEDICION	SALIDA	CEN/PICK/01645	S02588	3	-3	-516	CEN/Existencias	CEN/Salida	internal	Picking de preparación: sale de Existencias hacia zona de Salida (CEN/PICK/01645). Origen: S02588.
36	2026-04-17 13:11:30	PICK_EXPEDICION	SALIDA	CEN/PICK/01567	S02578	24	-24	-540	CEN/Existencias	CEN/Salida	internal	Picking de preparación: sale de Existencias hacia zona de Salida (CEN/PICK/01567). Origen: S02578.
37	2026-04-17 15:10:16	RECEPCION_STOR	ENTRADA	CEN/STOR/00101	P00001	1080	1080	540	CEN/Entrada	CEN/Existencias	internal	Recepción en Central (almacenaje): mercadería ingresa a Existencias (CEN/STOR/00101). Origen: P00001.
38	2026-04-17 18:37:41	TRASLADO_SUCURSAL	SALIDA	CEN/INT/00100		180	-180	360	CEN/Existencias	B2/Existencias	internal	Traslado interno Central → sucursal (CEN/INT/00100). Destino: B2/Existencias.
39	2026-04-18 01:33:51	PICK_EXPEDICION	SALIDA	CEN/PICK/01700	S02623	12	-12	348	CEN/Existencias	CEN/Salida	internal	Picking de preparación: sale de Existencias hacia zona de Salida (CEN/PICK/01700). Origen: S02623.
40	2026-04-20 16:31:52	PICK_EXPEDICION	SALIDA	CEN/PICK/00309	S01452	12	-12	336	CEN/Existencias	CEN/Salida	internal	Picking de preparación: sale de Existencias hacia zona de Salida (CEN/PICK/00309). Origen: S01452.
41	2026-04-20 17:14:07	PICK_EXPEDICION	SALIDA	CEN/PICK/01774	S02655	12	-12	324	CEN/Existencias	CEN/Salida	internal	Picking de preparación: sale de Existencias hacia zona de Salida (CEN/PICK/01774). Origen: S02655.
42	2026-04-20 17:52:02	TRASLADO_SUCURSAL	SALIDA	CEN/INT/00092		120	-120	204	CEN/Existencias	B3/Existencias	internal	Traslado interno Central → sucursal (CEN/INT/00092). Destino: B3/Existencias.
43	2026-04-21 13:10:08	PICK_EXPEDICION	SALIDA	CEN/PICK/01886	S02695	12	-12	192	CEN/Existencias	CEN/Salida	internal	Picking de preparación: sale de Existencias hacia zona de Salida (CEN/PICK/01886). Origen: S02695.
44	2026-04-21 13:10:15	PICK_EXPEDICION	SALIDA	CEN/PICK/01880	S02666	6	-6	186	CEN/Existencias	CEN/Salida	internal	Picking de preparación: sale de Existencias hacia zona de Salida (CEN/PICK/01880). Origen: S02666.
45	2026-04-21 13:10:15	PICK_EXPEDICION	SALIDA	CEN/PICK/01888	S02749	4	-4	182	CEN/Existencias	CEN/Salida	internal	Picking de preparación: sale de Existencias hacia zona de Salida (CEN/PICK/01888). Origen: S02749.
46	2026-04-21 13:10:15	PICK_EXPEDICION	SALIDA	CEN/PICK/01892	S02730	6	-6	176	CEN/Existencias	CEN/Salida	internal	Picking de preparación: sale de Existencias hacia zona de Salida (CEN/PICK/01892). Origen: S02730.
47	2026-04-21 18:26:34	TRASLADO_SUCURSAL	SALIDA	CEN/INT/00103		120	-120	56	CEN/Existencias	B1/Existencias	internal	Traslado interno Central → sucursal (CEN/INT/00103). Destino: B1/Existencias.
48	2026-04-21 19:09:05	PICK_EXPEDICION	SALIDA	CEN/PICK/00298	OP/01376	167	-167	-111	CEN/Existencias	CEN/Salida	internal	Picking de preparación: sale de Existencias hacia zona de Salida (CEN/PICK/00298). Origen: OP/01376.
49	2026-04-21 19:09:05	PICK_EXPEDICION	SALIDA	CEN/PICK/00298	OP/00482	73	-73	-184	CEN/Existencias	CEN/Salida	internal	Picking de preparación: sale de Existencias hacia zona de Salida (CEN/PICK/00298). Origen: OP/00482.
50	2026-04-21 19:09:05	PICK_EXPEDICION	SALIDA	CEN/PICK/00298	OP/01376	184	-184	-368	CEN/Existencias	CEN/Salida	internal	Picking de preparación: sale de Existencias hacia zona de Salida (CEN/PICK/00298). Origen: OP/01376.
51	2026-04-21 19:09:05	PICK_EXPEDICION	SALIDA	CEN/PICK/00298	OP/01078	149	-149	-517	CEN/Existencias	CEN/Salida	internal	Picking de preparación: sale de Existencias hacia zona de Salida (CEN/PICK/00298). Origen: OP/01078.
52	2026-04-22 11:56:11	PICK_EXPEDICION	SALIDA	CEN/PICK/02042	S02770	12	-12	-529	CEN/Existencias	CEN/Salida	internal	Picking de preparación: sale de Existencias hacia zona de Salida (CEN/PICK/02042). Origen: S02770.
53	2026-04-22 19:24:34	PICK_EXPEDICION	SALIDA	CEN/PICK/02041	S02826	6	-6	-535	CEN/Existencias	CEN/Salida	internal	Picking de preparación: sale de Existencias hacia zona de Salida (CEN/PICK/02041). Origen: S02826.
54	2026-04-23 12:59:11	PICK_EXPEDICION	SALIDA	CEN/PICK/02177	S02886	6	-6	-541	CEN/Existencias	CEN/Salida	internal	Picking de preparación: sale de Existencias hacia zona de Salida (CEN/PICK/02177). Origen: S02886.
55	2026-04-23 12:59:11	PICK_EXPEDICION	SALIDA	CEN/PICK/02124	S02848	12	-12	-553	CEN/Existencias	CEN/Salida	internal	Picking de preparación: sale de Existencias hacia zona de Salida (CEN/PICK/02124). Origen: S02848.
56	2026-04-23 12:59:11	PICK_EXPEDICION	SALIDA	CEN/PICK/02133	S02865	12	-12	-565	CEN/Existencias	CEN/Salida	internal	Picking de preparación: sale de Existencias hacia zona de Salida (CEN/PICK/02133). Origen: S02865.
57	2026-04-24 21:11:25	PICK_EXPEDICION	SALIDA	CEN/PICK/02094	S02745	12	-12	-577	CEN/Existencias	CEN/Salida	internal	Picking de preparación: sale de Existencias hacia zona de Salida (CEN/PICK/02094). Origen: S02745.
58	2026-04-24 21:11:25	PICK_EXPEDICION	SALIDA	CEN/PICK/02103	S02785	12	-12	-589	CEN/Existencias	CEN/Salida	internal	Picking de preparación: sale de Existencias hacia zona de Salida (CEN/PICK/02103). Origen: S02785.
59	2026-04-24 21:11:25	PICK_EXPEDICION	SALIDA	CEN/PICK/02110	S02829	6	-6	-595	CEN/Existencias	CEN/Salida	internal	Picking de preparación: sale de Existencias hacia zona de Salida (CEN/PICK/02110). Origen: S02829.
60	2026-04-28 12:36:48	PICK_EXPEDICION	SALIDA	CEN/PICK/02456	S03090	5	-5	-600	CEN/Existencias	CEN/Salida	internal	Picking de preparación: sale de Existencias hacia zona de Salida (CEN/PICK/02456). Origen: S03090.
61	2026-04-28 12:36:48	PICK_EXPEDICION	SALIDA	CEN/PICK/02459	S03100	12	-12	-612	CEN/Existencias	CEN/Salida	internal	Picking de preparación: sale de Existencias hacia zona de Salida (CEN/PICK/02459). Origen: S03100.
62	2026-04-28 12:36:48	PICK_EXPEDICION	SALIDA	CEN/PICK/02465	S03117	5	-5	-617	CEN/Existencias	CEN/Salida	internal	Picking de preparación: sale de Existencias hacia zona de Salida (CEN/PICK/02465). Origen: S03117.
63	2026-04-29 12:01:44	PICK_EXPEDICION	SALIDA	CEN/PICK/02598	S03209	12	-12	-629	CEN/Existencias	CEN/Salida	internal	Picking de preparación: sale de Existencias hacia zona de Salida (CEN/PICK/02598). Origen: S03209.
64	2026-04-29 21:15:18	PICK_EXPEDICION	SALIDA	CEN/PICK/02406	S03045	12	-12	-641	CEN/Existencias	CEN/Salida	internal	Picking de preparación: sale de Existencias hacia zona de Salida (CEN/PICK/02406). Origen: S03045.
65	2026-04-29 21:16:12	PICK_EXPEDICION	SALIDA	CEN/PICK/02435	S03091	12	-12	-653	CEN/Existencias	CEN/Salida	internal	Picking de preparación: sale de Existencias hacia zona de Salida (CEN/PICK/02435). Origen: S03091.
66	2026-04-29 21:55:13	PICK_EXPEDICION	SALIDA	CEN/PICK/02515	S03098	6	-6	-659	CEN/Existencias	CEN/Salida	internal	Picking de preparación: sale de Existencias hacia zona de Salida (CEN/PICK/02515). Origen: S03098.
67	2026-04-30 13:21:56	PICK_EXPEDICION	SALIDA	CEN/PICK/02875	S03366	3	-3	-662	CEN/Existencias	CEN/Salida	internal	Picking de preparación: sale de Existencias hacia zona de Salida (CEN/PICK/02875). Origen: S03366.
68	2026-04-30 13:21:56	PICK_EXPEDICION	SALIDA	CEN/PICK/02854	S03379	12	-12	-674	CEN/Existencias	CEN/Salida	internal	Picking de preparación: sale de Existencias hacia zona de Salida (CEN/PICK/02854). Origen: S03379.
69	2026-04-30 13:21:56	PICK_EXPEDICION	SALIDA	CEN/PICK/02840	S03345	12	-12	-686	CEN/Existencias	CEN/Salida	internal	Picking de preparación: sale de Existencias hacia zona de Salida (CEN/PICK/02840). Origen: S03345.
70	2026-04-30 19:10:36	PICK_EXPEDICION	SALIDA	CEN/PICK/02436	S03092	3	-3	-689	CEN/Existencias	CEN/Salida	internal	Picking de preparación: sale de Existencias hacia zona de Salida (CEN/PICK/02436). Origen: S03092.
71	2026-05-04 10:34:55	AJUSTE_INVENTARIO	ENTRADA	Cantidad de producto actualizada (Administrator)		12	12	-677	Virtual Locations/Inventory adjustment	CEN/Existencias		Ajuste de inventario (aplicado): suma unidades a Existencias (Cantidad de producto actualizada (Administrator)).
72	2026-05-04 12:10:56	PICK_EXPEDICION	SALIDA	CEN/PICK/03036	S03496	12	-12	-689	CEN/Existencias	CEN/Salida	internal	Picking de preparación: sale de Existencias hacia zona de Salida (CEN/PICK/03036). Origen: S03496.
73	2026-05-05 12:51:40	PICK_EXPEDICION	SALIDA	CEN/PICK/03129	S03595	6	-6	-695	CEN/Existencias	CEN/Salida	internal	Picking de preparación: sale de Existencias hacia zona de Salida (CEN/PICK/03129). Origen: S03595.
74	2026-05-05 12:51:40	PICK_EXPEDICION	SALIDA	CEN/PICK/03123	S03554	12	-12	-707	CEN/Existencias	CEN/Salida	internal	Picking de preparación: sale de Existencias hacia zona de Salida (CEN/PICK/03123). Origen: S03554.
75	2026-05-05 12:51:40	PICK_EXPEDICION	SALIDA	CEN/PICK/03113	S03519	6	-6	-713	CEN/Existencias	CEN/Salida	internal	Picking de preparación: sale de Existencias hacia zona de Salida (CEN/PICK/03113). Origen: S03519.
76	2026-05-06 13:12:42	PICK_EXPEDICION	SALIDA	CEN/PICK/03310	S03792	6	-6	-719	CEN/Existencias	CEN/Salida	internal	Picking de preparación: sale de Existencias hacia zona de Salida (CEN/PICK/03310). Origen: S03792.
77	2026-05-06 13:20:45	PICK_EXPEDICION	SALIDA	CEN/PICK/03201	S03614	12	-12	-731	CEN/Existencias	CEN/Salida	internal	Picking de preparación: sale de Existencias hacia zona de Salida (CEN/PICK/03201). Origen: S03614.
78	2026-05-07 12:58:05	PICK_EXPEDICION	SALIDA	CEN/PICK/03390	S03832	24	-24	-755	CEN/Existencias	CEN/Salida	internal	Picking de preparación: sale de Existencias hacia zona de Salida (CEN/PICK/03390). Origen: S03832.
79	2026-05-07 12:58:05	PICK_EXPEDICION	SALIDA	CEN/PICK/03409	S03850	12	-12	-767	CEN/Existencias	CEN/Salida	internal	Picking de preparación: sale de Existencias hacia zona de Salida (CEN/PICK/03409). Origen: S03850.
80	2026-05-08 10:40:56	PICK_EXPEDICION	SALIDA	CEN/PICK/03464	S03900	12	-12	-779	CEN/Existencias	CEN/Salida	internal	Picking de preparación: sale de Existencias hacia zona de Salida (CEN/PICK/03464). Origen: S03900.
81	2026-05-08 10:52:29	PICK_EXPEDICION	ENTRADA	CEN/PICK/03547	S03900	12	12	-767	CEN/Salida	CEN/Existencias	internal	Devolución / reversa de picking hacia Existencias (CEN/PICK/03547). Origen: S03900.
82	2026-05-08 13:31:19	PICK_EXPEDICION	SALIDA	CEN/PICK/03530	S03882	12	-12	-779	CEN/Existencias	CEN/Salida	internal	Picking de preparación: sale de Existencias hacia zona de Salida (CEN/PICK/03530). Origen: S03882.
83	2026-05-08 20:47:55	PICK_EXPEDICION	SALIDA	CEN/PICK/03651	S04015	6	-6	-785	CEN/Existencias	CEN/Salida	internal	Picking de preparación: sale de Existencias hacia zona de Salida (CEN/PICK/03651). Origen: S04015.
84	2026-05-11 12:36:27	PICK_EXPEDICION	SALIDA	CEN/PICK/03708	S04085	12	-12	-797	CEN/Existencias	CEN/Salida	internal	Picking de preparación: sale de Existencias hacia zona de Salida (CEN/PICK/03708). Origen: S04085.
85	2026-05-11 12:36:27	PICK_EXPEDICION	SALIDA	CEN/PICK/03709	S04086	6	-6	-803	CEN/Existencias	CEN/Salida	internal	Picking de preparación: sale de Existencias hacia zona de Salida (CEN/PICK/03709). Origen: S04086.
86	2026-05-11 23:50:17	AJUSTE_INVENTARIO	ENTRADA	Cantidad de producto actualizada		2250	2250	1447	Virtual Locations/Inventory adjustment	CEN/Existencias		Ajuste de inventario (aplicado): suma unidades a Existencias (Cantidad de producto actualizada).
87	2026-05-12 13:20:00	PICK_EXPEDICION	SALIDA	CEN/PICK/03869	S04104	6	-6	1441	CEN/Existencias	CEN/Salida	internal	Picking de preparación: sale de Existencias hacia zona de Salida (CEN/PICK/03869). Origen: S04104.
88	2026-05-12 13:20:00	PICK_EXPEDICION	SALIDA	CEN/PICK/03874	S04121	4	-4	1437	CEN/Existencias	CEN/Salida	internal	Picking de preparación: sale de Existencias hacia zona de Salida (CEN/PICK/03874). Origen: S04121.
89	2026-05-12 13:20:00	PICK_EXPEDICION	SALIDA	CEN/PICK/03875	S04166	6	-6	1431	CEN/Existencias	CEN/Salida	internal	Picking de preparación: sale de Existencias hacia zona de Salida (CEN/PICK/03875). Origen: S04166.
90	2026-05-12 13:20:00	PICK_EXPEDICION	SALIDA	CEN/PICK/03877	S04171	5	-5	1426	CEN/Existencias	CEN/Salida	internal	Picking de preparación: sale de Existencias hacia zona de Salida (CEN/PICK/03877). Origen: S04171.
91	2026-05-12 13:20:00	PICK_EXPEDICION	SALIDA	CEN/PICK/03878	S04188	12	-12	1414	CEN/Existencias	CEN/Salida	internal	Picking de preparación: sale de Existencias hacia zona de Salida (CEN/PICK/03878). Origen: S04188.
92	2026-05-12 13:20:00	PICK_EXPEDICION	SALIDA	CEN/PICK/03881	S04207	12	-12	1402	CEN/Existencias	CEN/Salida	internal	Picking de preparación: sale de Existencias hacia zona de Salida (CEN/PICK/03881). Origen: S04207.
93	2026-05-12 14:00:16	PICK_EXPEDICION	SALIDA	CEN/PICK/03899	S04217	12	-12	1390	CEN/Existencias	CEN/Salida	internal	Picking de preparación: sale de Existencias hacia zona de Salida (CEN/PICK/03899). Origen: S04217.
94	2026-05-12 14:00:16	PICK_EXPEDICION	SALIDA	CEN/PICK/03900	S04210	12	-12	1378	CEN/Existencias	CEN/Salida	internal	Picking de preparación: sale de Existencias hacia zona de Salida (CEN/PICK/03900). Origen: S04210.
95	2026-05-12 19:59:12	AJUSTE_INVENTARIO	ENTRADA	Cantidad de producto actualizada (Paez Angel Esteban)		145	145	1523	Virtual Locations/Inventory adjustment	CEN/Existencias		Ajuste de inventario (aplicado): suma unidades a Existencias (Cantidad de producto actualizada (Paez Angel Esteban)).
96	2026-05-12 22:57:10	AJUSTE_INVENTARIO	SALIDA	Cantidad de producto actualizada (Paez Angel Esteban)		2206	-2206	-683	CEN/Existencias	Virtual Locations/Inventory adjustment		Ajuste de inventario (aplicado): resta unidades de Existencias (Cantidad de producto actualizada (Paez Angel Esteban)). En Odoo indica corrección respecto al saldo teórico previo, no necesariamente “dejar” esa cantidad en piso.
97	2026-05-13 13:18:00	PICK_EXPEDICION	SALIDA	CEN/PICK/04026	S04291	12	-12	-695	CEN/Existencias	CEN/Salida	internal	Picking de preparación: sale de Existencias hacia zona de Salida (CEN/PICK/04026). Origen: S04291.
98	2026-05-13 13:49:10	PICK_EXPEDICION	SALIDA	CEN/PICK/03975	S04347	12	-12	-707	CEN/Existencias	CEN/Salida	internal	Picking de preparación: sale de Existencias hacia zona de Salida (CEN/PICK/03975). Origen: S04347.
99	2026-05-14 21:20:18	PICK_EXPEDICION	SALIDA	CEN/PICK/04096	S04387	12	-12	-719	CEN/Existencias	CEN/Salida	internal	Picking de preparación: sale de Existencias hacia zona de Salida (CEN/PICK/04096). Origen: S04387.
100	2026-05-14 21:20:18	PICK_EXPEDICION	SALIDA	CEN/PICK/04126	S04405	12	-12	-731	CEN/Existencias	CEN/Salida	internal	Picking de preparación: sale de Existencias hacia zona de Salida (CEN/PICK/04126). Origen: S04405.
101	2026-05-14 21:20:18	PICK_EXPEDICION	SALIDA	CEN/PICK/04135	S04423	12	-12	-743	CEN/Existencias	CEN/Salida	internal	Picking de preparación: sale de Existencias hacia zona de Salida (CEN/PICK/04135). Origen: S04423.
102	2026-05-14 21:20:18	PICK_EXPEDICION	SALIDA	CEN/PICK/04143	S04430	6	-6	-749	CEN/Existencias	CEN/Salida	internal	Picking de preparación: sale de Existencias hacia zona de Salida (CEN/PICK/04143). Origen: S04430.
103	2026-05-14 21:20:18	PICK_EXPEDICION	SALIDA	CEN/PICK/04155	S04448	12	-12	-761	CEN/Existencias	CEN/Salida	internal	Picking de preparación: sale de Existencias hacia zona de Salida (CEN/PICK/04155). Origen: S04448.
104	2026-05-14 21:20:18	PICK_EXPEDICION	SALIDA	CEN/PICK/04114	S04389	12	-12	-773	CEN/Existencias	CEN/Salida	internal	Picking de preparación: sale de Existencias hacia zona de Salida (CEN/PICK/04114). Origen: S04389.
105	2026-05-19 14:20:07	PICK_EXPEDICION	SALIDA	CEN/PICK/04439	S04743	12	-12	-785	CEN/Existencias	CEN/Salida	internal	Picking de preparación: sale de Existencias hacia zona de Salida (CEN/PICK/04439). Origen: S04743.
106	2026-05-20 13:03:22	PICK_EXPEDICION	SALIDA	CEN/PICK/04585	S04853	12	-12	-797	CEN/Existencias	CEN/Salida	internal	Picking de preparación: sale de Existencias hacia zona de Salida (CEN/PICK/04585). Origen: S04853.
107	2026-05-20 13:20:22	PICK_EXPEDICION	SALIDA	CEN/PICK/04614	S04892	12	-12	-809	CEN/Existencias	CEN/Salida	internal	Picking de preparación: sale de Existencias hacia zona de Salida (CEN/PICK/04614). Origen: S04892.
108	2026-05-20 16:45:26	AJUSTE_INVENTARIO	ENTRADA	Cantidad de producto actualizada (Administrator)		2200	2200	1391	Virtual Locations/Inventory adjustment	CEN/Existencias		Ajuste de inventario (aplicado): suma unidades a Existencias (Cantidad de producto actualizada (Administrator)).
109	2026-05-20 21:43:07	PICK_EXPEDICION	SALIDA	CEN/PICK/04431	S04671	12	-12	1379	CEN/Existencias	CEN/Salida	internal	Picking de preparación: sale de Existencias hacia zona de Salida (CEN/PICK/04431). Origen: S04671.
110	2026-05-20 21:43:07	PICK_EXPEDICION	SALIDA	CEN/PICK/04392	S04680	12	-12	1367	CEN/Existencias	CEN/Salida	internal	Picking de preparación: sale de Existencias hacia zona de Salida (CEN/PICK/04392). Origen: S04680.
111	2026-05-20 21:43:07	PICK_EXPEDICION	SALIDA	CEN/PICK/04578	S04837	12	-12	1355	CEN/Existencias	CEN/Salida	internal	Picking de preparación: sale de Existencias hacia zona de Salida (CEN/PICK/04578). Origen: S04837.
112	2026-05-20 21:43:07	PICK_EXPEDICION	SALIDA	CEN/PICK/04584	S04848	6	-6	1349	CEN/Existencias	CEN/Salida	internal	Picking de preparación: sale de Existencias hacia zona de Salida (CEN/PICK/04584). Origen: S04848.
113	2026-05-20 21:43:07	PICK_EXPEDICION	SALIDA	CEN/PICK/04592	S04862	12	-12	1337	CEN/Existencias	CEN/Salida	internal	Picking de preparación: sale de Existencias hacia zona de Salida (CEN/PICK/04592). Origen: S04862.
